{
  "version": 1,
  "author": "Frederico Schur",
  "editor": "wokwi",
  "parts": [
    { "type": "board-esp32-s3-devkitc-1", "id": "esp", "top": 0, "left": 0, "attrs": {} },
    {
      "type": "wokwi-led",
      "id": "led1",
      "top": 80.64,
      "left": -216,
      "attrs": { "color": "orange" }
    },
    {
      "type": "wokwi-led",
      "id": "led2",
      "top": 78.97,
      "left": -176.33,
      "attrs": { "color": "magenta" }
    },
    {
      "type": "wokwi-resistor",
      "id": "r2",
      "top": 219.64,
      "left": -95,
      "attrs": { "value": "1000" }
    }
  ],
  "connections": [
    [ "esp:TX", "$serialMonitor:RX", "", [] ],
    [ "esp:RX", "$serialMonitor:TX", "", [] ],
    [ "r2:2", "esp:GND.1", "green", [ "v0" ] ],
    [ "led1:C", "r2:1", "green", [ "v0" ] ],
    [ "led1:A", "esp:4", "green", [ "v0" ] ],
    [ "led2:C", "r2:1", "green", [ "v0" ] ],
    [ "led2:A", "esp:5", "green", [ "v0" ] ]
  ]
}