{
  "version": 1,
  "author": "Frederico Schur",
  "editor": "wokwi",
  "parts": [
    { "type": "board-esp32-s3-devkitc-1", "id": "esp", "top": 0, "left": 0, "attrs": {} },
    {
      "type": "wokwi-led",
      "id": "led1",
      "top": 80.64,
      "left": -216,
      "attrs": { "color": "orange" }
    },
    {
      "type": "wokwi-led",
      "id": "led2",
      "top": 78.97,
      "left": -176.33,
      "attrs": { "color": "magenta" }
    },
    {
      "type": "wokwi-led",
      "id": "led3",
      "top": 80.63,
      "left": -110,
      "attrs": { "color": "limegreen" }
    },
    {
      "type": "wokwi-led",
      "id": "led4",
      "top": 77.63,
      "left": -145,
      "attrs": { "color": "cyan" }
    },
    {
      "type": "wokwi-resistor",
      "id": "r1",
      "top": 12.64,
      "left": 126,
      "attrs": { "value": "1000" }
    },
    {
      "type": "wokwi-resistor",
      "id": "r2",
      "top": 219.64,
      "left": -95,
      "attrs": { "value": "1000" }
    },
    {
      "type": "wokwi-pushbutton",
      "id": "btn2",
      "top": 33.6,
      "left": 201.57,
      "attrs": { "color": "green" }
    },
    {
      "type": "wokwi-buzzer",
      "id": "bz1",
      "top": -53.48,
      "left": -192.02,
      "attrs": { "volume": "0.1" }
    },
    {
      "type": "wokwi-photoresistor-sensor",
      "id": "ldr1",
      "top": -116.24,
      "left": -161.87,
      "attrs": {}
    }
  ],
  "connections": [
    [ "esp:TX", "$serialMonitor:RX", "", [] ],
    [ "esp:RX", "$serialMonitor:TX", "", [] ],
    [ "r2:2", "esp:GND.1", "green", [ "v0" ] ],
    [ "led1:C", "r2:1", "green", [ "v0" ] ],
    [ "led1:A", "esp:4", "green", [ "v0" ] ],
    [ "led2:C", "r2:1", "green", [ "v0" ] ],
    [ "led2:A", "esp:5", "green", [ "v0" ] ],
    [ "led4:C", "r2:1", "green", [ "v0" ] ],
    [ "led4:A", "esp:6", "green", [ "v0" ] ],
    [ "led3:C", "r2:1", "green", [ "v0" ] ],
    [ "led3:A", "esp:7", "green", [ "v0" ] ],
    [ "esp:GND.2", "r1:1", "black", [ "v0" ] ],
    [ "btn2:1.l", "r1:2", "green", [ "h0" ] ],
    [ "btn2:2.r", "esp:1", "green", [ "h0" ] ],
    [ "ldr1:GND", "r1:2", "black", [ "h0" ] ],
    [ "ldr1:VCC", "esp:5V", "red", [ "h0" ] ],
    [ "ldr1:AO", "esp:16", "green", [ "h0" ] ],
    [ "bz1:1", "esp:GND.2", "green", [ "v0" ] ],
    [ "bz1:2", "esp:15", "green", [ "v0" ] ]
  ]
}